<?xml version="1.0" encoding="UTF-8"?>

<Patch>
	<!-- My mod clashes Unlock Working Emperor's new permits, they overlap their positions, this patch will move my permits down one so that all can be seen again -->
	<Operation Class="PatchOperationFindMod">
		<mods>
			<li>I Demand Permits</li>
		</mods>
		
		<match Class="PatchOperationSequence">
			<operations>
				<li Class="PatchOperationReplace">
					<xpath>/Defs/RoyalTitlePermitDef[defName="CallMilitaryAidSLP1"]/uiPosition</xpath>
					<value>
						<uiPosition>(0,10)</uiPosition>
					</value>
				</li>
				
				<li Class="PatchOperationReplace">
					<xpath>/Defs/RoyalTitlePermitDef[defName="CallMilitaryAidSLP1a"]/uiPosition</xpath>
					<value>
						<uiPosition>(1,10)</uiPosition>
					</value>
				</li>
				
				<li Class="PatchOperationReplace">
					<xpath>/Defs/RoyalTitlePermitDef[defName="CallMilitaryAidSLP1b"]/uiPosition</xpath>
					<value>
						<uiPosition>(1,11)</uiPosition>
					</value>
				</li>
				
				<li Class="PatchOperationReplace">
					<xpath>/Defs/RoyalTitlePermitDef[defName="CallMilitaryAidSLP2"]/uiPosition</xpath>
					<value>
						<uiPosition>(0,12)</uiPosition>
					</value>
				</li>
				
				<li Class="PatchOperationReplace">
					<xpath>/Defs/RoyalTitlePermitDef[defName="CallMilitaryAidSLP2a"]/uiPosition</xpath>
					<value>
						<uiPosition>(1,12)</uiPosition>
					</value>
				</li>
				
				<li Class="PatchOperationReplace">
					<xpath>/Defs/RoyalTitlePermitDef[defName="CallMilitaryAidSLP2b"]/uiPosition</xpath>
					<value>
						<uiPosition>(1,13)</uiPosition>
					</value>
				</li>
				
				<li Class="PatchOperationReplace">
					<xpath>/Defs/RoyalTitlePermitDef[defName="CallMilitaryAidSLP2c"]/uiPosition</xpath>
					<value>
						<uiPosition>(1,14)</uiPosition>
					</value>
				</li>
				
				<!-- Royal Arsenel and I Demand Permits override positions, this will clean up the permit tab if you use these two mods too -->
				<li Class="PatchOperationFindMod">
					<mods>
						<li>Royal Arsenal: Extra Permits</li>
					</mods>
					<match Class="PatchOperationSequence">
						<operations>
							<li Class="PatchOperationReplace">
								<xpath>/Defs/RoyalTitlePermitDef[defName="RA_AntigrainSellDrop"]/uiPosition</xpath>
								<value>
								<uiPosition>(2,6)</uiPosition>
								</value>
							</li>
							
							<li Class="PatchOperationReplace">
								<xpath>/Defs/RoyalTitlePermitDef[defName="RA_AdvancedComponentDrop"]/uiPosition</xpath>
								<value>
								<uiPosition>(2,0)</uiPosition>
								</value>
							</li>
						</operations>
					</match>
				</li>
			</operations>
		</match>
		
	</Operation>
</Patch>