<?xml version="1.0" encoding="UTF-8"?>

<Patch>
	<!-- My mod clashes Ultratech Altered Carbon Remastered new permits, they overlap their positions, this patch will move my permits down one so that all can be seen again -->
	<Operation Class="PatchOperationFindMod">
		<mods>
			<li>Ultratech: Altered Carbon Remastered</li>
		</mods>
		
		<match Class="PatchOperationSequence">
			<operations>
			
				<li Class="PatchOperationReplace">
					<xpath>/Defs/RoyalTitlePermitDef[defName="UT_CallNeuroformers"]/uiPosition</xpath>
					<value>
						<uiPosition>(0,14)</uiPosition>
					</value>
				</li>
				
				<li Class="PatchOperationFindMod">
					<mods>
						<li>[Royalty] Unlock Working Emperor (Continued)</li>
					</mods>
					<match Class="PatchOperationSequence">
						<operations>
							<li Class="PatchOperationReplace">
								<xpath>/Defs/RoyalTitlePermitDef[defName="UT_CallNeuroformers"]/uiPosition</xpath>
								<value>
								<uiPosition>(0,16)</uiPosition>
								</value>
							</li>
						</operations>
					</match>
				</li>
				
				<li Class="PatchOperationFindMod">
					<mods>
						<li>Unlock Emperor (Continued)</li>
					</mods>
					<match Class="PatchOperationSequence">
						<operations>
							<li Class="PatchOperationReplace">
								<xpath>/Defs/RoyalTitlePermitDef[defName="UT_CallNeuroformers"]/uiPosition</xpath>
								<value>
								<uiPosition>(0,16)</uiPosition>
								</value>
							</li>
						</operations>
					</match>
				</li>
				
			</operations>
		</match>
	</Operation>
</Patch>