﻿<?xml version="1.0" encoding="utf-8"?>
<Defs>
	<!-- New WorkerClasses Coded In (For spawning in soldiers that temporarily join the colony):
	RoyalTitlePermitWorker_SLP_CallTroopers
	RoyalTitlePermitWorker_SLP_CallJanissary
	RoyalTitlePermitWorker_SLP_CallCataphract
	-->
	
	<!-- Titles (Total of 5 Permit Points max):
	Acolyte
	Knight
	Praetor
	Baron
	Count

	Duke
	Consul
	Stellarch
	Emperor
	-->
	
	<!-- Balancing:
	Empire_Fighter_Trooper (Aid: 1 Honour | Stay: 2 Honour)
	Empire_Fighter_Janissary (Aid: 1.5 Honour | Stay: 3 Honour)
	Empire_Fighter_Cataphract (Aid: 2 Honour | Stay: 4 Honour)
	
	Empire_Fighter_Champion (Melee Only)
	Empire_Fighter_StellicGuardRanged (Aid: 2.5 Honour | Stay: 5 Honour)
	Empire_Fighter_StellicGuardMelee (Aid: 2.5 Honour | Stay: 5 Honour)
	-->
	
	<!-- Soldier Types:
	Empire_Fighter_Trooper
	Empire_Fighter_Janissary
	Empire_Fighter_Cataphract
	
	Empire_Fighter_Champion (Melee Only)
	Empire_Fighter_StellicGuardRanged
	Empire_Fighter_StellicGuardMelee
	-->
	
	<!-- ======================================== -->
	<!-- ============= Core Content ============= -->
	<!-- ======================================== -->
	
	<!-- Call Soldier Support(Soldiers that you can control like the laborer teams) -->
	<!-- ======================================== -->
	<!-- 2 Light Troopers (4 Days) - CallMilitaryAidSLP1 -->
	<RoyalTitlePermitDef>
		<defName>CallMilitaryAidSLP1</defName>
		<label>call trooper team</label>
		<description>Call a group of 2 light troopers to assist you for 4 days. These soldiers can help fight for or defend your colony but they won't do many other tasks. You can control them as though they were your own colonists. You are expected to keep them safe and if they die in battle you'll receive a small goodwill penalty.</description>
		<workerClass>RimworldSLP_MorePermits.RoyalTitlePermitWorker_SLP_CallTroopers</workerClass>
		<minTitle>Knight</minTitle>
		<faction>Empire</faction>
		<permitPointCost>1</permitPointCost>
		<!-- Patch UI Position if other permit mods used -->
		<uiPosition>(0,9)</uiPosition>
		<royalAid>
		<favorCost>4</favorCost>
		<pawnKindDef>Empire_Fighter_Trooper</pawnKindDef>
		<pawnCount>2</pawnCount>
		<aidDurationDays>4</aidDurationDays>
		</royalAid>
		<cooldownDays>45</cooldownDays>
	</RoyalTitlePermitDef>
	
	<!-- 2 Light Troopers (8 Days) - CallMilitaryAidSLP1a -->
	<RoyalTitlePermitDef>
		<defName>CallMilitaryAidSLP1a</defName>
		<label>call enduring trooper team</label>
		<description>Call a group of 2 light troopers to assist you for 8 days. These soldiers can help fight for or defend your colony but they won't do many other tasks. You can control them as though they were your own colonists. You are expected to keep them safe and if they die in battle you'll receive a small goodwill penalty.</description>
		<workerClass>RimworldSLP_MorePermits.RoyalTitlePermitWorker_SLP_CallTroopers</workerClass>
		<minTitle>Praetor</minTitle>
		<faction>Empire</faction>
		<permitPointCost>1</permitPointCost>
		<prerequisite>CallMilitaryAidSLP1</prerequisite>
		<!-- Patch UI Position if other permit mods used -->
		<uiPosition>(1,9)</uiPosition>
		<royalAid>
		<favorCost>8</favorCost>
		<pawnKindDef>Empire_Fighter_Trooper</pawnKindDef>
		<pawnCount>2</pawnCount>
		<aidDurationDays>8</aidDurationDays>
		</royalAid>
		<cooldownDays>45</cooldownDays>
	</RoyalTitlePermitDef>
	
	<!-- 4 Light Troopers (4 Days) - CallMilitaryAidSLP1b -->
	<RoyalTitlePermitDef>
		<defName>CallMilitaryAidSLP1b</defName>
		<label>call large trooper team</label>
		<description>Call a group of 4 light troopers to assist you for 4 days. These soldiers can help fight for or defend your colony but they won't do many other tasks. You can control them as though they were your own colonists. You are expected to keep them safe and if they die in battle you'll receive a small goodwill penalty.</description>
		<workerClass>RimworldSLP_MorePermits.RoyalTitlePermitWorker_SLP_CallTroopers</workerClass>
		<minTitle>Praetor</minTitle>
		<faction>Empire</faction>
		<permitPointCost>1</permitPointCost>
		<prerequisite>CallMilitaryAidSLP1</prerequisite>
		<!-- Patch UI Position if other permit mods used -->
		<uiPosition>(1,10)</uiPosition>
		<royalAid>
		<favorCost>8</favorCost>
		<pawnKindDef>Empire_Fighter_Trooper</pawnKindDef>
		<pawnCount>4</pawnCount>
		<aidDurationDays>4</aidDurationDays>
		</royalAid>
		<cooldownDays>45</cooldownDays>
	</RoyalTitlePermitDef>
	
	<!-- Call Janissary Support (Soldiers that you can control like the laborer teams) -->
	<!-- ======================================== -->
	<!-- 2 Janissaries (4 Days) - CallMilitaryAidSLP2 -->
	<RoyalTitlePermitDef>
		<defName>CallMilitaryAidSLP2</defName>
		<label>call janissary team</label>
		<description>Call a group of 2 professional janissaries to assist you for 4 days. These soldiers can help fight for or defend your colony but they won't do many other tasks. You can control them as though they were your own colonists. You are expected to keep them safe and if they die in battle you'll receive a small goodwill penalty.</description>
		<workerClass>RimworldSLP_MorePermits.RoyalTitlePermitWorker_SLP_CallJanissary</workerClass>
		<minTitle>Baron</minTitle>
		<faction>Empire</faction>
		<permitPointCost>1</permitPointCost>
		<!-- Patch UI Position if other permit mods used -->
		<uiPosition>(0,11)</uiPosition>
		<royalAid>
		<favorCost>6</favorCost>
		<pawnKindDef>Empire_Fighter_Janissary</pawnKindDef>
		<pawnCount>2</pawnCount>
		<aidDurationDays>4</aidDurationDays>
		</royalAid>
		<cooldownDays>60</cooldownDays>
	</RoyalTitlePermitDef>
	
	<!-- 2 Janissaries (8 Days) - CallMilitaryAidSLP2a -->
	<RoyalTitlePermitDef>
		<defName>CallMilitaryAidSLP2a</defName>
		<label>call enduring janissary team</label>
		<description>Call a group of 2 professional janissaries to assist you for 8 days. These soldiers can help fight for or defend your colony but they won't do many other tasks. You can control them as though they were your own colonists. You are expected to keep them safe and if they die in battle you'll receive a small goodwill penalty.</description>
		<workerClass>RimworldSLP_MorePermits.RoyalTitlePermitWorker_SLP_CallJanissary</workerClass>
		<minTitle>Count</minTitle>
		<faction>Empire</faction>
		<permitPointCost>1</permitPointCost>
		<prerequisite>CallMilitaryAidSLP2</prerequisite>
		<!-- Patch UI Position if other permit mods used -->
		<uiPosition>(1,11)</uiPosition>
		<royalAid>
		<favorCost>12</favorCost>
		<pawnKindDef>Empire_Fighter_Janissary</pawnKindDef>
		<pawnCount>2</pawnCount>
		<aidDurationDays>8</aidDurationDays>
		</royalAid>
		<cooldownDays>60</cooldownDays>
	</RoyalTitlePermitDef>
	
	<!-- 4 Janissaries (4 Days) - CallMilitaryAidSLP2b -->
	<RoyalTitlePermitDef>
		<defName>CallMilitaryAidSLP2b</defName>
		<label>call large janissary team</label>
		<description>Call a group of 4 professional janissaries to assist you for 4 days. These soldiers can help fight for or defend your colony but they won't do many other tasks. You can control them as though they were your own colonists. You are expected to keep them safe and if they die in battle you'll receive a small goodwill penalty.</description>
		<workerClass>RimworldSLP_MorePermits.RoyalTitlePermitWorker_SLP_CallJanissary</workerClass>
		<minTitle>Count</minTitle>
		<faction>Empire</faction>
		<permitPointCost>1</permitPointCost>
		<prerequisite>CallMilitaryAidSLP2</prerequisite>
		<!-- Patch UI Position if other permit mods used -->
		<uiPosition>(1,12)</uiPosition>
		<royalAid>
		<favorCost>12</favorCost>
		<pawnKindDef>Empire_Fighter_Janissary</pawnKindDef>
		<pawnCount>4</pawnCount>
		<aidDurationDays>4</aidDurationDays>
		</royalAid>
		<cooldownDays>60</cooldownDays>
	</RoyalTitlePermitDef>
	
	<!-- 2 Cataphracts (4 Days) - CallMilitaryAidSLP2c -->
	<RoyalTitlePermitDef>
		<defName>CallMilitaryAidSLP2c</defName>
		<label>call cataphract team</label>
		<description>Call a group of 2 heavy cataphracts to assist you for 4 days. These soldiers can help fight for or defend your colony but they won't do many other tasks. You can control them as though they were your own colonists. You are expected to keep them safe and if they die in battle you'll receive a small goodwill penalty.</description>
		<workerClass>RimworldSLP_MorePermits.RoyalTitlePermitWorker_SLP_CallCataphract</workerClass>
		<minTitle>Count</minTitle>
		<faction>Empire</faction>
		<permitPointCost>1</permitPointCost>
		<prerequisite>CallMilitaryAidSLP2</prerequisite>
		<!-- Patch UI Position if other permit mods used -->
		<uiPosition>(1,13)</uiPosition>
		<royalAid>
		<favorCost>8</favorCost>
		<pawnKindDef>Empire_Fighter_Cataphract</pawnKindDef>
		<pawnCount>2</pawnCount>
		<aidDurationDays>4</aidDurationDays>
		</royalAid>
		<cooldownDays>60</cooldownDays>
	</RoyalTitlePermitDef>
	
</Defs>